jobbr@yahoo.com,
iicdr@gmail.com,
hxqfw@gmail.com,
iknwj@yahoo.com,
urnzo@outlook.com,
edxpw@gmail.com,
rkuai@outlook.com,
ihhuo@outlook.com,
maqqi@gmail.com,
dqbbe@msn.com,
ncxph@supersqa.com,
wvqjz@supersqa.com,
jjoxd@outlook.com,
kkcvn@yahoo.com,
vvpzr@outlook.com,
qmibw@gmail.com,
dldsc@msn.com,
uvqrx@supersqa.com,
bxvgz@supersqa.com,
njxfh@yahoo.com,
gdzlu@yahoo.com,
yramr@outlook.com,
hhvam@msn.com,
ivsbv@supersqa.com,
bedcr@outlook.com,
apcgl@outlook.com,
nagzt@yahoo.com,
krxet@yahoo.com,
jhjuu@yahoo.com,
ppsls@supersqa.com,
xzcsa@outlook.com,
bicak@outlook.com,
loceh@yahoo.com,
lqdcm@yahoo.com,
bzshu@outlook.com,
lfydk@msn.com,
vqroo@msn.com,
tpchg@gmail.com,
vzofe@supersqa.com,
bhsxj@yahoo.com,
hxrou@yahoo.com,
jeouo@supersqa.com,
rygxe@yahoo.com,
tqmml@msn.com,
vxdag@msn.com,
khsns@gmail.com,
igdds@gmail.com,
xatow@msn.com,
avcdt@outlook.com,
htjlb@outlook.com,
jnwcc@msn.com,
aaazc@yahoo.com,
trnhp@yahoo.com,
piiyv@yahoo.com,
glpre@gmail.com,
ddvlx@outlook.com,
mnrzg@outlook.com,
xevga@supersqa.com,
shxic@outlook.com,
xgzce@supersqa.com,
qqpfd@gmail.com,
unjdr@msn.com,
jgfln@outlook.com,
cezah@msn.com,
yelty@outlook.com,
vkpau@yahoo.com,
igotz@supersqa.com,
nrdny@gmail.com,
zapas@msn.com,
mpwey@outlook.com,
oywnw@supersqa.com,
algrt@msn.com,
vlgdh@msn.com,
xapyg@yahoo.com,
mdgni@supersqa.com,
uspqg@gmail.com,
ldgtq@supersqa.com,
fiqgu@outlook.com,
ixdpy@outlook.com,
mpnrw@msn.com,
jogif@gmail.com,
lyfqs@supersqa.com,
ztcvb@gmail.com,
jmgtu@yahoo.com,
ielbe@gmail.com,
mavlv@yahoo.com,
chhnz@msn.com,
lrqxe@yahoo.com,
iqmnq@outlook.com,
sjqxh@supersqa.com,
utqsj@yahoo.com,
skadq@gmail.com,
ymivo@msn.com,
prfzv@yahoo.com,
hnsim@yahoo.com,
lmhxh@msn.com,
ddgdy@supersqa.com,
cznjs@outlook.com,
bpeor@gmail.com,
wsdbd@yahoo.com,
